{
  "score_type": "per_point_mse",
  "threshold": 2.2192800045013428,
  "percentile": 99.0,
  "n_calibration": 33367,
  "calibration_percentiles": {
    "50": 0.004658796358853579,
    "90": 0.09709823876619339,
    "95": 0.27366766333580017,
    "99": 2.2192800045013428,
    "99.9": 18.97148895263672
  },
  "calibration_mean": 0.18851563334465027
}